{
    "system_name":"C-MIS",
    "dashboard":"admin",
    "theme":"cmis",
    "session_name":"cmis_session",
    "database":{
        "host":"localhost",
        "username":"root",
        "password":"root",
        "db_name":"cmis_main",
        "driver":"mysql"
    },
    "modules":["HR","Sales","Store","Projects","Accounts","Settings"],
    "phpmailer":{
        "sender":"noreply@cmis.co",
        "host":"mail.jamboexpedition.com",
        "username":"mailsender@jamboexpedition.com",
        "password":"MS@jambo.1"
    },
    "nextsms":{
        "sender":"NEXTSMS",
        "token":"YmFubnk6QmFzZWFAQkNM"
    }
}