{
    "system_name": "C-MIS",
    "dashboard": "admin",
    "theme": "cmis",
    "session_name": "cmis_session",
    "system_locale": "sw-TZ",
    "system_currency": "TSH",
    "database": {
        "host": "localhost",
        "username": "root",
        "password": "root",
        "db_name": "cmis_main",
        "driver": "mysql"
    },
    "modules": [
        "HR",
        "Sales",
        "Store",
        "Projects",
        "Accounts",
        "Settings"
    ],
    "phpmailer": {
        "sender": "noreply@banny.co.tz",
        "host": "smtp.zoho.com",
        "username": "noreply@banny.co.tz",
        "password": "Basea.01"
    },
    "nextsms": {
        "sender": "NEXTSMS",
        "token": "YmFubnk6QmFzZWFAQkNM"
    }
}