{
    "name": "Human Resources",
    "icon": "users-cog",
    "nav": [
        {
            "name": "Staff",
            "href": "Staff\/",
            "permission": "can_view_staff"
        },
        {
            "name": "Payroll",
            "href": "Payroll\/",
            "permission": "can_view_payroll"
        },
        {
            "name": "Salary slip",
            "href": "Salary\/",
            "permission": "can_view_salary"
        },
        {
            "name": "Leave",
            "href": "Leave\/",
            "permission": "can_view_leave"
        },
        {
            "name": "Contracts",
            "href": "Contracts\/",
            "permission": "can_view_contracts"
        },
        {
            "name": "Configuration",
            "href": "Configuration\/",
            "permission": "can_edit_hr_configuration"
        }
    ],
    "permissions": [
        "can_add_staff",
        "can_edit_staff",
        "can_delete_staff",
        "can_view_staff",
        "can_add_leave",
        "can_edit_leave",
        "can_delete_leave",
        "can_view_leave",
        "can_approve_leave",
        "can_add_contracts",
        "can_edit_contracts",
        "can_delete_contracts",
        "can_view_contracts",
        "can_add_designation",
        "can_delete_designation",
        "can_add_department",
        "can_edit_department",
        "can_view_department",
        "can_delete_department",
        "can_add_branch",
        "can_edit_branch",
        "can_view_branch",
        "can_delete_branch",
        "can_add_salary_slip",
        "can_edit_salary_slip",
        "can_view_salary_slip"
    ],
    "modules": {
        "leave": {
            "approval_flow": "3,6,5,4",
            "self_assign": 1
        }
    }
}