{
    "name":"Projects",
    "icon":"user-shield",
    "nav":[
        {"name":"Projects","href":"Projects/", "permission":"can_view_projects"},
        {"name":"Activities","href":"Activities/", "permission":"can_view_activities"},
        {"name":"Resources","href":"Resources/", "permission":"can_view_resources"},
        {"name":"Project report","href":"Project_report/", "permission":"can_view_project_report"}
       
    ],

    "permissions":[
        
        "can_add_projects",
        "can_edit_projects",
        "can_delete_projects",
        "can_view_projects",

        "can_add_activities",
        "can_edit_activities",
        "can_view_activities",
        "can_delete_activities",
        
        "can_add_resources",
        "can_edit_resources",
        "can_view_resources",
        "can_delete_resources",
        
        "can_add_project_report",
        "can_edit_project_report",
        "can_delete_project_report",
        "can_view_project_report"

       

    ]
}